{
  "meta_learning": {
    "success_rate": 1.0,
    "avg_improvement": 0.36963739452727806,
    "detailed_results": {
      "resource_efficiency": {
        "baseline": 0.24852334377292148,
        "final": 0.6555538113430524,
        "improvement": 0.40703046757013084,
        "adaptation_curve": [
          0.24852334377292148,
          0.4055233570089646,
          0.47954754166872926,
          0.5501509504281755,
          0.6134823649261167,
          0.6555538113430524
        ],
        "success": "True"
      },
      "spatial_coordination": {
        "baseline": 0.18528353476010775,
        "final": 0.5752734996233572,
        "improvement": 0.38998996486324944,
        "adaptation_curve": [
          0.18528353476010775,
          0.3357797246742029,
          0.4196473985640684,
          0.4796195767141502,
          0.5441523493049663,
          0.5752734996233572
        ],
        "success": "True"
      },
      "temporal_sequencing": {
        "baseline": 0.2403333292313904,
        "final": 0.6074160643945707,
        "improvement": 0.36708273516318035,
        "adaptation_curve": [
          0.2403333292313904,
          0.4297606562826233,
          0.5019664575808166,
          0.5483898785341077,
          0.5814306134787062,
          0.6074160643945707
        ],
        "success": "True"
      },
      "role_specialization": {
        "baseline": 0.2171392058537225,
        "final": 0.5437320521460764,
        "improvement": 0.32659284629235397,
        "adaptation_curve": [
          0.2171392058537225,
          0.3660470438209319,
          0.464448623904353,
          0.5046451904114333,
          0.5476068182102211,
          0.5437320521460764
        ],
        "success": "True"
      },
      "adaptive_cooperation": {
        "baseline": 0.18277848661170013,
        "final": 0.540269445359176,
        "improvement": 0.35749095874747583,
        "adaptation_curve": [
          0.18277848661170013,
          0.3250539581720221,
          0.4282832484194538,
          0.4557315809448781,
          0.5045728616028147,
          0.540269445359176
        ],
        "success": "True"
      }
    },
    "status": "breakthrough"
  },
  "performance": {
    "final_speedup": 9.418692669790746,
    "final_performance": 65.93084868853522,
    "configurations": {
      "baseline_single": {
        "performance": 7.002819029380145,
        "speedup": 1.0004027184828779,
        "workers": 1,
        "mixed_precision": false,
        "description": "Baseline Single Agent"
      },
      "distributed_fp32": {
        "performance": 46.956120485194276,
        "speedup": 6.708017212170611,
        "workers": 8,
        "mixed_precision": false,
        "description": "Distributed FP32"
      },
      "distributed_fp16": {
        "performance": 53.27184114267815,
        "speedup": 7.610263020382592,
        "workers": 8,
        "mixed_precision": true,
        "description": "Distributed + Mixed Precision"
      },
      "optimized_nexus": {
        "performance": 65.93084868853522,
        "speedup": 9.418692669790746,
        "workers": 8,
        "mixed_precision": true,
        "description": "NEXUS Full Optimization"
      }
    },
    "industry_leadership": true
  },
  "timestamp": "2025-08-31T00:18:52.221853",
  "overall_success": true,
  "industry_leadership": true,
  "publication_ready": true
}